{"acc_bias": [-0.8881182, -0.05757740000000005, -0.4329098000000001], "gyro_bias": [0.4537026000000001, -1.4539955999999996, -0.12244280000000003], "timestamp": 1763045518.1024847}